compactness_C,proximity_P,productivity_R
1.2732395447351619,3.097684021566732,6.367052023121388
1.2732395447351619,3.1267049504112356,6.378612716763006
1.273239544735162,2.248176620282852,5.873015873015873
1.273239544735162,2.6149258842639735,6.315028901734104
1.273239544735162,3.405281605662985,6.471556886227545
1.273239544735162,3.4116566429743993,6.483532934131737
1.273239544735162,3.4889963163970292,6.4895209580838324
1.2732395447351623,1.9272779899746242,5.616402116402116
1.2732395447351623,2.202870005951278,6.088571428571429
1.2732395447351623,2.4317728481659913,6.277142857142858
1.2732395447351623,2.4426765945839657,6.305714285714286
1.2732395447351623,3.308726876469608,6.413793103448276
1.2732395447351623,3.3933660013738383,6.774096385542169
1.2732395447351625,2.1488693669738077,6.2601744186046515
1.2732395447351625,2.4566248871033047,6.306686046511628
1.2732395447351625,3.215261378978717,6.566473988439307
1.2732395447351625,3.3786245946516487,6.624277456647399
1.2732395447351625,3.4634498944107373,6.7976190476190474
1.2732395447351625,3.486657130573767,6.863095238095238
1.2732395447351625,3.5575798249127066,6.979559748427673
1.2732395447351625,3.6212468697752147,6.998427672955975
1.2732395447351625,3.78802248553898,7.022012578616352
1.2732395447351625,3.8236672565845278,7.034591194968553
1.2732395447351625,3.999911215487055,7.042944785276074
1.2732395447351625,4.067015709184855,7.0552147239263805
1.2732395447351625,4.07656871323703,7.07361963190184
1.2732395447351625,4.078465912175183,7.080246913580247
1.2732395447351625,4.085702591753228,7.092592592592593
1.2732395447351625,4.08907056880833,7.098765432098766
1.2732395447351625,4.0915351878802255,7.1125
1.2732395447351625,4.121200269498291,7.117283950617284
1.2732395447351625,4.128363665908669,7.1234567901234565
1.2732395447351625,4.13782759468715,7.159509202453988
1.2732395447351625,4.153441587843044,7.172839506172839
1.2732395447351628,1.693826588899342,5.194581280788177
1.2732395447351628,1.9258511311554576,5.396984924623116
1.2732395447351628,2.4607245794511785,6.330459770114943
1.2732395447351628,2.496084528072919,6.370689655172414
1.2732395447351628,2.5519305370201693,6.405172413793103
1.2732395447351628,2.800011701493776,6.663109756097561
1.2732395447351628,2.8914322681464317,6.7
1.2732395447351628,3.232510780216745,6.86060606060606
1.2732395447351628,3.5927990489742747,7.034375
1.2732395447351628,3.596270597247232,7.071875
1.2732395447351628,3.674933898156769,7.093949044585988
1.2732395447351628,3.713891800964252,7.106687898089172
1.2732395447351628,3.8481354686475786,7.1130573248407645
1.2732395447351628,3.861583346113223,7.125796178343949
1.2732395447351628,3.994515171101066,7.138535031847134
1.2732395447351628,4.035937388246718,7.1449044585987265
1.273239544735163,1.9564580342863596,5.9375
1.273239544735163,3.244874508601408,6.86144578313253
1.273239544735163,3.4490729625266616,6.941358024691358
1.2732395447351632,3.0393214700749107,6.730994152046784
1.2747269741098537,1.6740630822983837,4.877934272300469
1.2750278025227118,2.4957974560087854,6.370689655172414
1.2750481236339335,2.5371646749293726,6.415697674418604
1.2751804586753077,3.8465506936278175,7.125796178343949
1.275180458675308,3.4158172105515363,7.012269938650307
1.275180458675308,3.493942887549392,7.046875
1.2751923661227935,4.089349853409176,7.166666666666667
1.2752044205758033,4.136364729817411,7.173913043478261
1.2764226435970016,1.8096267236830856,5.320707070707071
1.2764711171837286,1.8029781187044762,5.5703125
1.276643928544615,1.95972334851872,5.964285714285714
1.2767374555723479,2.0906454620414014,6.093390804597701
1.2768160603102614,2.409896504609517,6.35
1.2768160603102616,2.1253092328929837,6.1875
1.2768160603102616,2.3935993003329767,6.298529411764706
1.2770289481421127,2.508762290157227,6.5920245398773005
1.2789236498455876,2.6833534500230436,6.657407407407407
1.2789576864031356,3.016831029824121,6.8229813664596275
1.2804329884907286,2.3436036719025215,6.273529411764706
1.280599310889701,2.281246194952201,6.358895705521473
1.2810032004957432,3.920444783998503,7.128246753246753
1.2828852988619446,3.3704812548153495,6.897119341563785
1.2829342620808617,1.7619135734333244,5.419689119170984
1.2830036516733159,3.6668666676988955,7.075949367088608
1.2830036516733159,3.949118679911796,7.138709677419355
1.2842791939669704,2.187257978493116,6.490683229813665
1.2842791939669704,2.458137920714145,6.4939024390243905
1.2847447213442156,3.099971323610456,6.843949044585988
1.285601093713174,1.670088756359596,5.15
1.286365725608721,1.6421397860598126,5.608333333333333
1.2865818752937652,2.8326489057518263,6.850318471337579
1.2867846462748984,1.8250624109853302,5.963276836158192
1.286909294448577,4.028948876785987,7.176470588235294
1.2869092944485772,3.9564640562869187,7.142207792207793
1.2869092944485772,3.973295962374024,7.173202614379085
1.2879590770442395,2.4652167840420938,6.494918699186992
1.2883971583629623,2.6025068714288304,6.751623376623376
1.2888621158362077,3.8304558370251294,7.121710526315789
1.2888621158362077,4.047786298725139,7.177631578947368
1.288862115836208,3.9916861915895137,7.180645161290323
1.2889585514602875,3.581586022395341,7.049668874172186
1.2906335275867358,1.957422029756561,6.126470588235295
1.2908149372238382,3.9754576794264103,7.175324675324675
1.2924148390835841,3.3221568147183667,6.977124183006536
1.294332368518426,3.0221522960608476,6.8980263157894735
1.2946986381857553,1.9851573341055277,6.217791411042945
1.295708477877548,2.1834469071738325,6.614743589743591
1.2964868959733047,2.04326682851204,6.232723577235773
1.2965305120169035,3.839387020754407,7.144736842105263
1.2966182369407515,2.1590104699595325,6.307453416149069
1.2966734013867303,3.630830243332072,7.111486486486487
1.2972896250246049,1.5506703527142378,4.6415094339622645
1.2984714259570485,3.517181443443725,7.050675675675675
1.2986262227743608,3.948870389418347,7.171052631578948
1.298850685002824,2.047753827171065,6.467532467532467
1.2989096968467588,1.7795139311078212,5.991071428571429
1.2999242058523672,2.6858081689428355,6.83
1.3000445877822187,1.683580014158648,5.769005847953216
1.3002476562901508,3.3763074001086055,7.046357615894039
1.3004123398971936,3.875916767693746,7.17
1.3005790441619915,3.6671000826139313,7.154109589041096
1.3005790441619915,3.815888835455984,7.167785234899329
1.3005790441619915,3.8693593438456073,7.181208053691275
1.301377435226548,1.9863955378753158,6.2253086419753085
1.3020024862577944,2.7020005326833205,6.861486486486487
1.3031360533822591,1.9460929958894728,6.239130434782608
1.3039200156926365,3.201761586859174,6.956375838926174
1.3042941677774837,3.6976923469150615,7.162068965517242
1.3047389605554334,1.6045315125445692,5.726744186046512
1.3058375451274786,3.250141676431294,6.956666666666667
1.3062350817176287,3.8354416397346185,7.183673469387755
1.3079642595915766,2.88781824418363,6.938775510204081
1.3081759956577739,3.644022323073072,7.116438356164384
1.3081759956577739,3.722037057205708,7.171232876712328
1.3081759956577739,3.769233209384943,7.191780821917808
1.3092388771011867,2.7893889563525986,6.89261744966443
1.309672603997163,3.3090059967420635,6.982638888888889
1.310116909597919,3.7475934298047613,7.186206896551724
1.3114979445168686,1.5652079571253223,5.202185792349726
1.3120578235380642,3.6983984222728625,7.180555555555555
1.313998737478209,3.413322396498211,7.059440559440559
1.313998737478209,3.6627989859145753,7.174825174825175
1.3143609175914417,1.5583818614854361,5.131868131868132
1.3151725836336263,2.4949844217591357,6.836805555555555
1.3156808628930012,2.728997555326749,6.953051643192488
1.3156808628930015,1.943458603067097,6.077419354838709
1.3159396514183541,3.3265615693631827,7.017985611510792
1.317880565358499,3.7689794673831702,7.188811188811189
1.3178805653584993,3.4901213926305887,7.0638297872340425
1.3211571620101417,1.7063591410287156,6.027253668763103
1.3211777806062157,2.8870738312738546,6.963829787234042
1.3216375391256807,2.10303039433606,6.502252252252252
1.322060079425928,3.76649209898245,7.190647482014389
1.323499000448393,2.3471887290900213,6.73404255319149
1.3256442211190795,3.037180152750586,7.052757793764988
1.3259880401599053,2.0835543991663292,6.516778523489933
1.3265525305984578,1.5033833928230464,5.158869395711501
1.3273213215139623,1.5215538645673565,5.178362573099415
1.3275851350592247,3.6497152656620004,7.167164179104478
1.3283922477868098,1.5896089791151693,5.367647058823529
1.3291849186704956,2.7563941780466066,6.962174940898346
1.3293227151580214,1.4791683246346667,5.120527306967985
1.3314669629395146,3.631909144166397,7.167910447761194
1.3314669629395146,3.706326319208044,7.196428571428571
1.332682957215268,3.261725038410978,7.115942028985507
1.3346677683846662,1.9349499367454526,6.593333333333334
1.3354789079554568,1.7668509026676096,6.137387387387387
1.3357975570487401,2.215864365751284,6.6231884057971016
1.3369015219719211,2.113723476091375,6.689448441247003
1.33728970475995,3.5910475121331014,7.143034825870647
1.33728970475995,3.6494501654738234,7.184914841849148
1.3422328205582503,1.464722569533336,5.345454545454546
1.3424373460794647,1.434156957206933,5.074556213017751
1.3426889744479902,3.4801577068183205,7.16044776119403
1.3431124465803848,1.429597644579062,5.125838264299802
1.343112446580385,3.5857481203454924,7.195488721804511
1.3445029520897431,1.4607811249545888,5.410493827160494
1.3450533605205302,3.610008112306054,7.198765432098765
1.3466956723160375,2.2321565138188877,6.733587786259542
1.3468273141217382,1.6742182365003662,5.924731182795699
1.3473434335821826,1.6738227026825694,5.8311546840958615
1.3484764269240592,3.5430962397738712,7.18671679197995
1.3489351884008203,3.5629206189184197,7.203282828282828
1.3542638794001278,3.51403208229146,7.1982323232323235
1.354263879400128,3.4830797111696024,7.198717948717948
1.3566988441614007,3.5556027714117575,7.199475065616797
1.3600513318761969,3.230291495324376,7.080103359173126
1.3605806720416904,3.5909748303005196,7.206410256410256
1.3608641763250824,1.894387294717361,6.37956204379562
1.3613868978322121,1.5238175889094798,5.565121412803531
1.3619804827015536,2.9630794399811786,6.998697916666666
1.3622905247984847,2.253524371892819,6.819791666666667
1.3625215859818358,3.5601694967156763,7.208010335917312
1.3639096335269092,2.8512696360317453,7.0012722646310435
1.3639096335269094,3.2361772227542995,7.083979328165374
1.3639096335269094,3.543956626892807,7.208010335917312
1.3639096335269096,2.7490330358442363,7.034666666666667
1.368344327802271,3.194060420755123,7.154666666666666
1.3747296533734727,1.4031567363393738,5.189727463312369
1.3780945660662938,2.0347977549872893,6.663466666666667
1.3781768698506984,1.7042350712728664,5.992380952380953
1.3799456997626836,1.7708101753540642,6.383333333333334
1.3811722072917356,1.9238791894898317,6.472222222222222
1.3826075569111316,1.5145419976875438,5.5816441441441444
1.3831322435367093,2.1566368040852937,6.775537634408603
1.3838716393234318,3.4610119025541315,7.219945355191256
1.3840238678677566,1.4194361247597835,5.313419913419914
1.3863737813908474,2.6195900954761995,6.869491525423729
1.3889885942565416,3.191286029600615,7.144257703081233
1.3904195577808443,1.633763502030514,6.011510791366907
1.3916352950840116,3.234323828322264,7.1876750700280105
1.3928468959072542,3.172217176396649,7.058045977011495
1.3947760467326105,3.1397438813921936,7.056473829201102
1.3947760467326107,3.0345363686302953,7.137005649717515
1.3955171229643022,3.4756369822677726,7.2236111111111105
1.3967051975579667,3.2309164770181416,7.172364672364673
1.397458036904447,3.4521963367516397,7.2236111111111105
1.399398950844592,3.244963257859663,7.19632768361582
1.3996710415838647,1.391800897784953,4.943064182194616
1.4005634992086793,2.557640354243998,6.997701149425287
1.4013398647847373,3.4094479075738033,7.225490196078431
1.4052216926650274,3.2784479781363887,7.222701149425287
1.4089893491370735,1.4492454559171237,5.330043859649123
1.4091471365889163,1.8743466930759467,6.422666666666666
1.4105813737992348,1.521222832379675,5.680882352941176
1.4110444344854625,3.3525684108407785,7.237891737891737
1.4114769810206946,1.8380544912075363,6.591530054644808
1.4129853484256076,3.3301209160027545,7.231321839080459
1.41599670581153,2.2913939689239515,7.00825958702065
1.4198550074622425,2.2487715581131145,6.9993993993994
1.422689918126333,3.163108764408314,7.189855072463767
1.4256058883586835,1.3887055455710444,4.9192073170731705
1.4304535738869133,3.2853043310805297,7.237463126843657
1.431625623367677,1.3639422858415153,5.0487268518518515
1.4323944878270582,3.2609801355974093,7.239583333333333
1.4479217993482187,3.252380559543433,7.234848484848484
1.4485406414740616,1.3578907719337519,5.049067599067599
1.4516329974315731,1.7696494116841548,6.2902116402116395
1.4537445411686543,3.1939890400688142,7.218654434250764
1.4596530692405871,1.763281124547556,6.0778248587570625
1.4634491108693795,3.2090661851582913,7.239197530864197
1.4642254764454372,2.955222054476563,7.05326797385621
1.4688275470890582,2.907923479170239,7.057142857142857
1.4707450765239005,2.198709929033954,6.875
1.4719420797468628,2.869102817928323,7.040880503144654
1.4719420797468628,2.9752888656794023,7.180952380952381
1.4789764223905397,3.1972810198698642,7.234276729559749
1.4791030037344621,1.6084334900299335,5.897101449275362
1.479111610426172,1.388775216935598,5.186274509803921
1.4828582502708298,3.1411324971716996,7.235576923076923
1.4832240769820613,1.4686137342618604,5.73989501312336
1.4835169846990006,2.3845828238634152,7.022012578616352
1.4835169846990006,2.924674566647366,7.0993589743589745
1.4871574789984634,1.605049530345113,5.798163841807909
1.48800284143748,2.8253927524383498,7.135973597359736
1.488098717909221,1.455888291636459,5.404133333333333
1.4892355389313061,2.0170197330964212,6.694202898550725
1.49062190603141,3.0737681921387217,7.240196078431373
1.4924529569183393,1.3370128814736348,5.0037825059101655
1.4937554297420053,2.33206700046195,7.034313725490196
1.4956729591768478,2.0571088419109262,6.790123456790123
1.4999602655547495,1.334543474847253,4.960952380952381
1.5025595702654209,1.5920163941668912,5.856047197640118
1.5040607487514792,1.9415521758956396,6.598651495996629
1.5042083036124256,3.0397206231374874,7.236426116838489
1.5071781357859007,2.0360492408506823,6.888412698412698
1.514383397904701,2.9015343258269577,7.1691756272401435
1.514848253525269,2.481876826788446,7.118556701030927
1.5150839275340207,1.6734199484494605,6.204761904761905
1.5176560644834298,1.9974632213702672,6.691509433962263
1.5182416995554142,2.472963396958279,7.112244897959184
1.5186833123949528,2.113730377729047,6.903960396039603
1.5198422587566711,1.6011126248349623,6.171225071225071
1.523617443013876,2.4255133466406327,7.066993464052288
1.5251639466346336,1.49232944637161,5.7906609195402305
1.5294401848343115,2.977934436677792,7.206270627062707
1.5313810987744567,3.0034807303518085,7.218333333333334
1.5313810987744567,3.149765060381118,7.248333333333334
1.5333220127146017,2.8479274145317865,7.203436426116839
1.5343680142392304,1.9867398169280797,6.636458333333333
1.5372038405948918,3.0600131900846534,7.240740740740741
1.5372038405948918,3.116176576092934,7.250841750841751
1.539144754535037,3.1152670763597867,7.253401360544218
1.5428285299724551,1.3787501123901194,5.509972677595629
1.5484139790529254,1.333719494492972,4.714613526570048
1.5527311521160523,2.6639199873707455,7.13992673992674
1.5589514305266379,1.9992136133202596,6.805555555555555
1.5611490485306139,1.808012219009492,6.518042813455658
1.5644207474373804,1.7435839997205334,6.390255731922399
1.5648847284114107,1.456443427694287,5.548194444444444
1.5654889724009824,1.9194691136446416,6.619501133786848
1.5663175496970676,2.7344520976010416,7.182575757575757
1.5682584636372128,2.9708577306531936,7.227430555555556
1.5719611302307208,1.3776856595205709,5.136375661375662
1.5760221193977926,3.08162703464934,7.264184397163121
1.5760221193977928,2.0573045468527864,6.923469387755102
1.5778586831261026,1.5758918622358173,5.890855457227139
1.580939101379495,1.3312941458709453,4.726509186351706
1.5824548627422736,1.3303377944731996,4.808905852417303
1.5824979649611204,1.3275744573752402,4.795547073791349
1.5953844897886378,1.9335964883173584,6.754340277777779
1.6050534866964477,1.9085868799204782,6.762395679921453
1.6065640481917738,1.3175827066722317,4.826904761904762
1.6067876701511563,1.4636115889713757,5.621386430678466
1.6090176563802592,2.25449153947298,7.015954835542464
1.6092333134847197,1.3608044441352032,5.252727272727273
1.6167813121408396,2.8424042713385402,7.217908902691511
1.6187222260809846,2.946650819445878,7.229229989868288
1.6206631400211298,2.791117901188696,7.190734989648033
1.624668378614377,1.6228064959688595,6.358687943262412
1.6264858818415648,3.0700035085543234,7.266821946169772
1.62842679578171,3.051337096935157,7.261640211640212
1.633294989762729,1.5218001334797675,5.958814102564103
1.6415695558906926,1.3054464286397074,4.6650137741046835
1.6427349402550402,1.35857274508222,5.1734463276836165
1.6439541073028705,2.8300754289532817,7.212662337662338
1.6464957803197269,1.712157652397068,6.685125448028674
1.6517702201969677,1.4010993095443278,5.670512820512821
1.653101066368858,1.575271288421866,6.088050314465408
1.6542468327430333,1.3587209127428241,5.222685185185186
1.6552114081557114,2.007464264978092,6.9501700680272105
1.6610831439202673,1.3152939754012443,4.7707282913165265
1.6620840079710437,1.6813833471310764,6.413483146067415
1.6622849611820176,1.3787325166658768,5.31889880952381
1.6651372003055296,1.4647592865845178,5.6851666666666665
1.67016813774748,2.0018933406711508,6.859280303030303
1.6779249779236,1.3660644173408842,5.256635802469136
1.679776627632939,1.484776410457983,5.839273927392739
1.6866964077673694,1.514165391298737,5.851618122977347
1.6919686212031255,1.780410413853108,6.705980066445182
1.6995818771389068,1.9724018580246574,6.772222222222221
1.7011895028267041,1.5183345695733523,5.992739273927393
1.713030015501173,1.310522134763869,4.774929971988795
1.7136197270768154,1.3073501950306388,4.75812324929972
1.713711603454354,1.4582144675512194,5.7503401360544215
1.7143755283050903,1.3912255663029387,5.637333333333333
1.7247551985067353,1.495314188684132,5.885166666666667
1.7365572679582364,1.5181068678500822,5.989311594202898
1.745730782039227,1.359435198012535,5.322798742138365
1.7459956478838692,1.8334222824094435,6.790659340659341
1.7524727622674259,1.5359085284840008,6.024908424908425
1.7554131001378277,1.79190954748057,6.769540229885058
1.7583560539671903,1.3051999811611674,4.661594202898551
1.7614339207361454,1.5643939297112845,6.099810606060606
1.7628038726084778,1.6309574584009177,6.461764705882353
1.7648305523917864,1.669456600096484,6.548373983739838
1.7789985861160749,1.5267469484252503,6.005677655677656
1.78124926207899,1.3501901503847258,5.1765223665223665
1.7911994187028695,1.6687510593615655,6.512083333333334
1.7945795204848305,1.3774865833941228,5.5461403508771925
1.7982679202222198,1.5455998214179503,6.241760299625468
1.8062943780573006,1.295237548631666,4.623893805309734
1.8114726250095723,2.1895915975763267,6.974647887323943
1.8145569559698718,2.0506517459336284,6.97359855334539
1.8181429092192793,1.4846763293809788,5.90413815575106
1.8189136353359467,1.6194548498609604,6.268224932249322
1.8214399042739133,1.5341788792372875,6.032345679012345
1.823570492534849,1.9592145409826625,6.907236842105264
1.8272708060928955,1.3799113382450354,5.549290780141843
1.8283871438533212,2.206125993151391,7.024860853432283
1.8347524900256702,1.4607414736821107,5.854885938032006
1.838277668056629,1.3032906462363603,4.721138211382114
1.8425245334869425,1.300133581355332,4.7
1.865691916627482,1.2909530036167032,4.610818713450293
1.8690905632072838,1.3335635482514308,4.829569892473119
1.8700705813297702,1.7040015774499104,6.589048714998082
1.8719652830332454,2.0800039807861537,6.985714285714286
1.881059851209925,1.289792244444675,4.528318584070797
1.8838436052511844,1.290733146383608,4.638218390804599
1.8871228966610447,1.964755569814743,6.945523809523809
1.8917563851870778,1.2839201837052965,4.492792792792793
1.9002716699285336,1.9460481430873122,6.846753246753248
1.906047222657429,1.694073875132047,6.653947368421052
1.9113823309122364,1.2990783730119229,4.642735042735043
1.9116375846233242,1.5023739528501017,6.012854609929079
1.9129347749402692,1.2974810295729216,4.653333333333333
1.916010232777794,1.2982220722511648,4.664896755162243
1.9205204137691876,1.2879413133658209,4.572619047619048
1.9206756724585041,1.293867358657811,4.63834808259587
1.9221020050328903,1.2883382390194182,4.608333333333333
1.922738907873187,1.5451002040822637,6.1067907995618835
1.925107694884003,1.6561911652554215,6.568395493395492
1.9269393597760207,1.2818498577927695,4.546666666666666
1.927117082016323,1.936922994017888,6.833564814814815
1.9284016405697617,1.2808736477052391,4.56036036036036
1.9307584510441038,1.346103474893403,5.0269470404984435
1.930864538018426,1.328598599263696,4.90297619047619
1.931318410553337,1.5251936053986135,6.041757246376812
1.9401745443583431,1.6488816090131102,6.540027151211362
1.9516048759465199,1.3886806339366506,5.66856884057971
1.9517923560012067,2.047144913203216,6.962881608339539
1.9520449646692706,1.7726889690174685,6.692509603072984
1.9739094771275314,2.715471277570581,7.151195049082373
1.977791305007821,2.715941702368604,7.153542466922748
1.9894367886486917,2.7222130764968093,7.155577514273166
1.9921540681648946,1.2821991838449627,4.601376146788991
1.9923130828009548,1.771254998785852,6.761587301587301
1.992557473807357,1.2752485845462125,4.545425310908108
1.9971671715988695,1.482868999282088,5.956874279123414
1.9971671715988697,1.5425531498588274,6.276440329218107
1.9979353535710753,1.3049078206620253,4.741648238242666
1.998065671105481,1.7540666827563982,6.7581320450885665
1.9994805471933266,1.3023361860622793,4.705560511448112
2.0118420961713377,1.2884536900135977,4.645909090909091
2.0183336358581148,1.430952020448397,5.781915072878928
2.024000740936325,1.3268320952573907,5.0015238095238095
2.0317265306702517,1.5394880916911984,6.226476793248945
2.038469372126498,1.3204769348374212,4.957756504663721
2.0409280937666585,1.2752007345339058,4.546069182389936
2.0409280937666585,1.2759581207172386,4.555503144654088
2.048333109397387,1.463988240378406,5.894584785133565
2.051330377628874,1.459251626890076,5.8184082201323575
2.0640919423670554,1.344576106623306,5.154752791068581
2.0736952879326367,1.2719203326115571,4.509861973775017
2.0786019073688498,1.7924272158264016,6.884296122820713
2.0799614255924945,1.3569288690163552,5.257543173672206
2.0826006577756546,2.424706370091856,7.097104247104247
2.083482891384812,2.4147720397741037,7.058084577114427
2.0850239290263684,1.5601956915185875,6.456828703703703
2.0861780285672955,1.2679479325339915,4.477346278317152
2.091471706152392,2.669001738796423,7.165476190476191
2.09554008404329,1.2694057516419743,4.497859098829973
2.0991246548336466,1.3747375564305233,5.499449035812672
2.0992829917029137,2.6049199790682334,7.1703431372549025
2.101855756388205,1.343797469804568,5.202498388136686
2.101855756388205,1.34819733933544,5.223774983881366
2.1112757422585893,1.4400655985146587,5.880506282335551
2.120267546953046,1.4337430791522485,5.920280448717949
2.122633305193514,1.3628749868321959,5.387878787878788
2.1244502516086703,1.4216359252945823,5.837993862677407
2.1317580358366373,1.2983952532357237,4.687888888888889
2.1359054681607987,1.2956958711570847,4.665658263305322
2.138847551551287,1.3412895853933704,5.02504347826087
2.1434018966397645,1.3754757350401907,5.548033910533911
2.1434018966397645,1.3823745629362814,5.583748196248196
2.146631695495614,1.305987477765866,4.774159292035399
2.1471448686215697,2.2528124071696696,7.0283218125960065
2.1625780752244204,2.26530529764191,7.029466076203208
2.1691654195061245,1.2835697657656344,4.6045565749235475
2.1821484968503237,1.7019466100974974,6.714045829135343
2.184542975230888,1.3340154685807324,5.061183800623054
2.1905365073830336,1.2740906068206252,4.527327044025157
2.2071639823708535,1.3375302081007463,5.1086394557823125
2.2076839135816373,1.285355329260614,4.672724358974359
2.208580902598301,1.3141104940627077,4.859968253968254
2.2136271272679866,1.2969829908129966,4.704641744548287
2.214194622917489,1.2632596557848552,4.395284780578899
2.214262460686272,1.2607455734892543,4.4148926237161525
2.214262460686272,1.2614495660424383,4.414892623716153
2.214262460686272,1.262236653644725,4.434500466853407
2.214262460686272,1.2632160759811797,4.444304388422035
2.216624285134791,1.3153231546203257,4.9836217948717945
2.216800993065685,1.684274558820633,6.631862745098039
2.2188528163738375,1.2588096828547513,4.4190004714757185
2.2328273967428824,1.2672596541664396,4.453173076923077
2.2436965148076955,2.1133141579153727,7.00409604519774
2.2468933142385237,1.2667105657225934,4.459939683589327
2.2480635711730215,1.357721692988026,5.2641034103410345
2.254229661804506,1.4772438843907412,6.146702927746441
2.2577794252571204,1.4673053223177843,6.0944973764153545
2.258869141547916,1.3245998977275195,5.004175438596491
2.260572006071711,2.170406829119826,7.03375
2.26426620068882,1.313986406994001,4.85019436345967
2.264968034059228,1.486195643562275,6.1931818181818175
2.265181980749767,1.4567512806137086,6.0944973764153545
2.2659069732980144,1.3109516204327838,4.828031418753069
2.2696158030500495,1.3443581834604281,5.246430976430976
2.2806739267807674,1.3087477494281625,4.885680272108844
2.2853506199662577,1.7877279114857652,6.798924731182796
2.2858745042906143,1.558063645707882,6.32275641025641
2.2890225638804957,1.2650862869130857,4.464929480564156
2.292589061204683,1.6420145642065518,6.501825802784881
2.2947085580255195,1.4257855252353988,5.900108225108225
2.2958947109852144,1.3565318842991283,5.26766323024055
2.3019020017810856,1.4245149962491446,5.857444444444444
2.3138680187975558,1.38583735253837,5.622845804988661
2.3151492303251286,1.454426595772743,6.0944646976437635
2.3183853742370215,1.354407507127165,5.30123188405797
2.318669072887808,1.2585794339934426,4.422628784617593
2.3238189720412716,1.2569370788080105,4.400190308885961
2.325387001037251,1.2560453977812283,4.4246820467317365
2.3256861048341704,1.4744801801697989,6.14837962962963
2.32810370243726,1.4686237039754348,6.162414965986395
2.3290198602952605,1.2564550045946634,4.455294291629695
2.329798263333167,1.7770370058475031,6.810808421729347
2.330424192630549,1.3437151159509055,5.18778801843318
2.3360118969662875,1.370203161680954,5.543623188405796
2.3413034399422195,1.77654779258989,6.7952755240027045
2.3437460071985066,1.655521177473667,6.5751411170528815
2.359237979950448,1.5925565458288957,6.468840579710144
2.359340859680955,1.4051456460365392,5.689944607363963
2.3628387705181395,1.367249247722435,5.6037301587301585
2.370358391023457,1.2941697086978279,4.923698945981555
2.3785266369612903,1.281326934823187,4.574486735870819
2.3829276009891514,1.4177820863985118,5.735842985842986
2.386359570965752,2.1224790755291405,7.059210526315789
2.3864448373005738,1.3843140450601343,5.6467596418732775
2.3864730504260674,1.349069253393301,5.2668199233716475
2.3942439265128614,1.3512786517234292,5.422795815295816
2.4268717382982343,1.7420563757496594,6.782861894757903
2.4339060809419117,2.2505228839721814,7.086481481481481
2.433906080941912,2.2420621349172585,7.086481481481481
2.4380438535176068,1.3688427862387123,5.610850743459438
2.438153735533433,1.3378040744674502,5.17733860342556
2.4486651140284317,1.3328591770177582,5.068147769833163
2.453315220343362,2.321862581587149,7.0908585858585855
2.457738151503935,2.3060676872325914,7.1090740740740745
2.4579550382831163,1.532070266914647,6.419975490196078
2.461596453154647,2.565530875412525,7.128508530544854
2.472206782694108,1.4032857839109047,5.719531313131313
2.4731713581067853,2.268647219324328,7.090806451612903
2.474224698127992,2.626992261048444,7.183282828282828
2.474665273684958,2.525450940694866,7.165589743589743
2.4789049236882916,1.4007765332183646,5.688714168714168
2.4789588105828546,1.7821070187660955,6.924970118671561
2.4795523954521945,1.29615677212324,4.924015151515151
2.484449470624253,1.3059431506189416,4.992107279693486
2.484449470624254,1.3103040769656265,5.0265900383141755
2.4859416264537764,2.512367937599575,7.149612794612794
2.4867959858108644,1.4262266516872995,5.936484302862419
2.4898165966417967,1.3323975171112823,5.070936329588015
2.490192585206118,2.2562636151091824,7.0922950819672135
2.494544318566655,1.3276880640183593,5.183295880149813
2.499382218555378,1.283677891751058,4.8742745098039215
2.513550480554761,1.4057556169337524,5.895904761904761
2.5165825808232296,1.3999310400819025,5.70141472868217
2.5193062943082944,2.2558464994750884,7.145344827586207
2.5216111296122166,1.3013459348554959,5.0397647058823525
2.5230452328187583,2.055210044409916,6.9826296296296295
2.52346873625222,1.7796916039201738,6.814408866995073
2.5349041845181874,1.7149742159561345,6.7595340501792105
2.5483966189051674,1.5757580256500572,6.615179211469534
2.5484319108579565,2.1088499938710785,7.047017543859649
2.5503609173506154,2.2827233988513664,7.157976190476191
2.550360917350616,2.116942793299922,7.072730696798494
2.5515856651845037,1.3384007127836577,5.184044943820225
2.5522316777748517,1.661196349586244,6.654960317460317
2.552337553633217,2.2390181157015956,7.0807777777777785
2.5523375536332176,2.0844945630517957,6.986101694915255
2.5584584937890704,1.3280348838119185,5.255720164609054
2.561636703098125,1.9664734982638272,7.000700280112045
2.5621016605713707,2.157650878740942,7.098154425612053
2.5639473149316307,2.155515624527031,7.091011904761905
2.565888228871776,2.2346104891056267,7.138563973063973
2.567829142811921,2.194038413708143,7.1214545454545455
2.574565255898307,1.466611883781384,6.254720113851993
2.575069797810187,1.5736927863889125,6.4811578525641025
2.579709242423579,1.357900413070383,5.502700421940928
2.5824463082481546,1.4432817714228356,5.975177777777778
2.5849561086793558,1.3481088111051658,5.427948717948718
2.590444543363114,1.360782992426668,5.543333333333332
2.593846632057199,1.5551233252829784,6.479553734061931
2.6078400313852734,2.0094526943151383,7.00551494476933
2.6159285191831523,1.983555165874944,7.024486924859318
2.6212627374291673,1.7635001888226831,6.79788682581786
2.6260565610162736,1.336512368293266,5.356581196581197
2.637149178262072,2.3326491517686763,7.163983815748521
2.640861672001565,1.4601114520708265,6.128955555555556
2.642167337464226,2.1785026664833493,7.098948412698413
2.643275078251361,1.4768005619795224,6.26031746031746
2.6682369694313377,1.3391311712257716,5.370151515151514
2.677650745864746,1.3475629865524648,5.444344799344799
2.677650745864746,1.357158127546161,5.4578583128583125
2.6834487980706236,1.655804453486124,6.628106060606061
2.697158325533658,1.9442595729708472,6.958119047619047
2.698882004673473,1.6651348680367006,6.68473544973545
2.71541450392541,1.3848450597846402,5.651181379007466
2.724953418717885,1.433506088857689,6.050130208333334
2.7253048682252636,1.3902772350973747,5.759425599276344
2.726726856345484,1.688621568474541,6.691102564102564
2.7308659137841067,2.0718260909205073,7.081339285714286
2.7340545581143445,1.4937696897363115,6.2712425595238095
2.7340545581143445,1.5184343374499978,6.440589743589744
2.735177764513411,1.5417102274524745,6.486186868686868
2.756059361066583,1.2551554188241647,4.37707941350962
2.7637684728532728,1.5751234453187635,6.563115763546799
2.7658023647067176,2.1575711906621233,7.128396226415094
2.7702605852116573,1.5789113094000713,6.66962643678161
2.7746650922165363,1.6771201752130274,6.722913245758074
2.788087798260431,1.5850081352509682,6.677572278911565
2.801510504304327,1.5869667752586538,6.681041666666666
2.802230963340539,1.464213896305806,6.135950520833333
2.803056149242715,1.9841511596984338,7.040294117647059
2.824220068591477,1.2669396140384155,4.478612476632279
2.8264383869572742,1.6712720229702287,6.70593567251462
2.843568316575196,1.5721817305759889,6.698207547169811
2.8435683165751966,1.5643597695640934,6.67933962264151
2.853214070701978,1.9819595624002517,7.04192294973545
2.866661386749315,1.4645594314005481,6.200147849462365
2.8720646301954593,1.402548660390541,5.813459595959597
2.874096282267678,1.43535927081857,6.071955962712953
2.8855073706128245,1.4517046350474558,6.262390010351967
2.887938785558392,1.7319309729822299,6.791505050505051
2.8904001159217767,1.431310031583533,6.027096774193549
2.8975845396851736,1.8756838585712612,6.953049886621315
2.9126274556586162,1.4173461004218937,6.0239722222222225
2.9147562252294787,1.4241637353793912,6.056366120218579
2.914756225229479,1.4378644563085594,6.07275956284153
2.9166068641026404,1.433504435803755,6.123972222222222
2.9434076824826434,1.7588467522366291,6.795081391046985
2.9472427413523272,1.8838012907971995,6.956256332320161
2.9516007627951497,2.0712225584766264,7.0545535714285705
2.9579528447810794,1.7823416812451722,6.985554545454545
2.970342513041487,1.2785427239813352,4.657950043066322
2.994042080952989,1.6705127574487704,6.723362068965517
2.9993127966008366,1.4492756170784642,6.3343154761904765
3.0028510949627485,1.8455120822932338,7.004512735326689
3.0036878350797704,1.4661000263766968,6.387848686644469
3.006686153832433,1.8333881758585004,7.006762187088274
3.0086036832672747,1.701547037024507,6.758603403625601
3.0086036832672747,1.7245040447011892,6.7774713281539025
3.0134606590213946,1.6869768129295333,6.728878787878787
3.0200620908657214,1.7721890041902262,7.053697552447553
3.0210501925079773,1.6372685348939506,6.746119607843136
3.0300318127440615,1.3566668554986294,5.448273208273208
3.0372068306703364,1.4556764504914468,6.383734567901234
3.042270851586897,1.7645945715083995,6.894453483521068
3.049165193880791,1.3472844002858135,5.40614522417154
3.0557749073643907,1.4687459257964144,6.4154807692307685
3.067349812316527,1.8549038562457192,7.055037878787879
3.067349812316528,1.9032961849278167,7.077765151515152
3.0685849393693476,1.7252202511487804,7.06220695970696
3.071208113967242,1.5945114739171449,6.714150326797385
3.073137264792598,1.5737608341556921,6.7020192307692295
3.083953159583938,1.341946683836305,5.3905975308641985
3.1121502727487487,1.8785913671363272,7.069899267399267
3.137353728494129,1.5487113448556373,6.554411683047364
3.1442805830350053,2.1797933764654696,7.162531108183282
3.145545448299369,1.3786938186047528,5.645971425971426
3.148101439796757,1.325720600476698,5.046026401581957
3.1528683139880505,1.3900834477947126,5.679767195767195
3.1561234477545344,1.375813318377984,5.613724459203912
3.2010824712268207,1.4039070203510684,5.821287749287749
3.2190660806157365,1.4021658435651183,5.766956544612795
3.254193455706367,1.277715960747391,4.5925167464114836
3.2693876864058016,2.1059427950303524,7.1089944102366465
3.278430249070616,1.2741497631113334,4.565785123966942
3.284893393967749,1.276170246558152,4.602198731501057
3.2898491285458844,2.1784490480486434,7.153466107617051
3.293730956426175,2.172107153256142,7.162827635327636
3.2937309564261756,2.0636160937254795,7.107196804647785
3.2943155690587487,2.00939694913954,7.100007407407406
3.326585701723864,1.3175150726270344,5.042143385070214
3.327333029014937,1.2792356905006568,4.676060606060607
3.334832071832252,1.2965352652992885,4.946697353279632
3.343929120120243,1.3276077636771777,5.080822510822511
3.3456044353106846,1.324225198137962,5.093844468784228
3.345604435310685,1.3256129922474045,5.105892661555313
3.348026264005674,1.2821780466315156,4.690384490061909
3.3489550656915665,1.327443982413947,5.1239649507119385
3.3506303808820075,1.3221648494280795,5.0949889135254995
3.3522009888730464,1.292553859100453,4.917187878787879
3.361621866787546,1.3098427370278667,5.176783216783217
3.372730283394209,1.3225186175212558,5.234863636363636
3.40591578216656,1.2978444555191608,4.96111384111384
3.4087788869629216,1.296649070818075,4.977488038277512
3.408778886962922,1.308331442098013,5.043277511961723
3.423681915348911,1.4278561887011045,6.082893518518519
3.4285426294976977,2.0261316093161055,7.1047511345337435
3.4645313831589406,2.1681903225846306,7.15197643097643
3.480058694680102,2.0807162661264242,7.163896151053013
3.4879860419778033,1.7179773256400552,6.797853535353535
3.4889608753776398,1.3791164884598075,5.706699875466999
3.5109389841349836,1.5407626971442214,6.508876863876864
3.5206472576262122,1.3532457167087695,5.46929292929293
3.5451326334865043,1.3444620441945423,5.408415584415584
3.549637518655605,2.034023338764008,7.13787037037037
3.562622187672427,1.3452492297985628,5.433675324675325
3.5650707252584555,2.0263848727800045,7.1594526748971195
3.5742748665456983,1.613755618193747,6.719174074074074
3.5748648756025734,1.3429840602047887,5.411699604743084
3.57857478103595,1.461190886558942,6.404259259259259
3.580027454850224,1.6769091786417127,6.754259259259259
3.5846033773651875,1.3988347228512217,5.780149031296572
3.5926098951867163,1.3573370241364342,5.546770562770562
3.5926317032085158,1.4892075516548375,6.475181327160494
3.604277186849386,1.4733517690558007,6.47622299382716
3.6316264287332483,1.3973730139842393,5.763755588673621
3.6360083570365562,1.401147326206806,5.8385687801260655
3.6388607443283347,1.4167496625103067,5.9276900149031295
3.644286481024649,1.404776361647884,5.893151515151515
3.676961473129121,1.9022459619799772,7.172777116402116
3.7020404338587536,1.8712018305941434,7.179496676163343
3.7657024110955124,1.6269825369328683,6.7821841052029725
3.765702411095513,1.6183736590541127,6.7821841052029725
3.770747882484905,1.4422369050715744,6.179269480519481
3.844646516858436,1.5443980049659296,6.544230540701129
3.8660182540140404,1.608328956502394,6.7593011750154615
3.8660182540140404,1.6180771728144456,6.779709338280767
3.868116628596007,1.4421435394855584,6.125710743801653
3.877244517250752,1.5398917045506892,6.531478787878786
3.877244517250752,1.5492064909399152,6.571478787878788
3.879162046685594,1.5371356781236858,6.583141620284478
3.879522309791535,1.6066152425779892,6.776161616161616
3.9213476942521206,1.5627786506756391,6.59943416061063
3.95475919198043,1.4445721649078467,6.429333104552733
3.955863224079279,1.7083824350597456,6.823478906714199
3.991262884244656,1.5329655156927033,6.520783799533799
4.0021645445791245,1.862986440717026,7.169935606060605
4.0114715776897,1.6009326846563456,6.721035868893012
4.014562867566476,1.5200184431262878,6.496681521093286
4.0299960741693255,1.8412152365654695,7.14701893939394
4.033854375820038,1.6704134101484653,6.794271437782076
4.0357835266453925,1.6113544725922204,6.782552700922266
4.041570979121461,1.4674795732641677,6.449590586718246
4.0435001299468185,1.5789226447931668,6.762625164690382
4.0435001299468185,1.6224232136356482,6.800668642951251
4.045429280772174,1.5759120857883089,6.726186331399097
4.045429280772175,1.604657742224289,6.796239057239057
4.050687393082751,1.5073470281759693,6.523494729907773
4.0512167332482445,1.638797643132274,6.814335399449035
4.062332876723621,1.470729042612787,6.50284255599473
4.0642737906637665,1.4828521063198474,6.536239057239057
4.0642737906637665,1.5188428979868882,6.5806835016835015
